"~start_node_id","~start_node_labels","~start_node_property_city","~start_node_property_companyName","~start_node_property_customerID","~relationship_type","~end_node_id","~end_node_labels","~end_node_property_orderID","~end_node_property_orderDate","~end_node_property_shippedDate","~start_node_property_orderID","~start_node_property_orderDate","~start_node_property_shippedDate","~relationship_property_quantity","~end_node_property_unitPrice","~end_node_property_productID","~end_node_property_productName","~start_node_property_supplierID","~start_node_property_unitPrice","~start_node_property_productID","~start_node_property_productName","~end_node_property_categoryName","~end_node_property_categoryID"
"4:73fde369-9719-4976-8fd0-6750fca3ad14:0","customer","Berlin","Alfreds Futterkiste","ALFKI","purchased","4:73fde369-9719-4976-8fd0-6750fca3ad14:486","order",10643,"1997-08-25 00:00:00.000","1997-09-02 00:00:00.000",,,,,,,,,,,,,
"4:73fde369-9719-4976-8fd0-6750fca3ad14:486","order",,,,"orders","4:73fde369-9719-4976-8fd0-6750fca3ad14:948","products",,,,10643,"1997-08-25 00:00:00.000","1997-09-02 00:00:00.000",15,45.6,28,"Rössle Sauerkraut",,,,,,
"4:73fde369-9719-4976-8fd0-6750fca3ad14:120","order",,,,"orders","4:73fde369-9719-4976-8fd0-6750fca3ad14:948","products",,,,10277,"1996-08-09 00:00:00.000","1996-08-13 00:00:00.000",20,45.6,28,"Rössle Sauerkraut",,,,,,
"4:73fde369-9719-4976-8fd0-6750fca3ad14:51","customer","Leipzig","Morgenstern Gesundkost","MORGK","purchased","4:73fde369-9719-4976-8fd0-6750fca3ad14:120","order",10277,"1996-08-09 00:00:00.000","1996-08-13 00:00:00.000",,,,,,,,,,,,,
"4:73fde369-9719-4976-8fd0-6750fca3ad14:120","order",,,,"orders","4:73fde369-9719-4976-8fd0-6750fca3ad14:982","products",,,,10277,"1996-08-09 00:00:00.000","1996-08-13 00:00:00.000",12,49.3,62,"Tarte au sucre",,,,,,
"4:73fde369-9719-4976-8fd0-6750fca3ad14:145","order",,,,"orders","4:73fde369-9719-4976-8fd0-6750fca3ad14:948","products",,,,10302,"1996-09-10 00:00:00.000","1996-10-09 00:00:00.000",28,45.6,28,"Rössle Sauerkraut",,,,,,
"4:73fde369-9719-4976-8fd0-6750fca3ad14:75","customer","Charleroi","Suprêmes délices","SUPRD","purchased","4:73fde369-9719-4976-8fd0-6750fca3ad14:145","order",10302,"1996-09-10 00:00:00.000","1996-10-09 00:00:00.000",,,,,,,,,,,,,
"4:73fde369-9719-4976-8fd0-6750fca3ad14:145","order",,,,"orders","4:73fde369-9719-4976-8fd0-6750fca3ad14:937","products",,,,10302,"1996-09-10 00:00:00.000","1996-10-09 00:00:00.000",40,39,17,"Alice Mutton",,,,,,
"4:73fde369-9719-4976-8fd0-6750fca3ad14:145","order",,,,"orders","4:73fde369-9719-4976-8fd0-6750fca3ad14:963","products",,,,10302,"1996-09-10 00:00:00.000","1996-10-09 00:00:00.000",12,46,43,"Ipoh Coffee",,,,,,
"4:73fde369-9719-4976-8fd0-6750fca3ad14:84","customer","Reims","Vins et alcools Chevalier","VINET","purchased","4:73fde369-9719-4976-8fd0-6750fca3ad14:91","order",10248,"1996-07-04 00:00:00.000","1996-07-16 00:00:00.000",,,,,,,,,,,,,
"4:73fde369-9719-4976-8fd0-6750fca3ad14:84","customer","Reims","Vins et alcools Chevalier","VINET","purchased","4:73fde369-9719-4976-8fd0-6750fca3ad14:117","order",10274,"1996-08-06 00:00:00.000","1996-08-16 00:00:00.000",,,,,,,,,,,,,
"4:73fde369-9719-4976-8fd0-6750fca3ad14:117","order",,,,"orders","4:73fde369-9719-4976-8fd0-6750fca3ad14:991","products",,,,10274,"1996-08-06 00:00:00.000","1996-08-16 00:00:00.000",20,21.5,71,"Flotemysost",,,,,,
"4:73fde369-9719-4976-8fd0-6750fca3ad14:147","order",,,,"orders","4:73fde369-9719-4976-8fd0-6750fca3ad14:991","products",,,,10304,"1996-09-12 00:00:00.000","1996-09-17 00:00:00.000",2,21.5,71,"Flotemysost",,,,,,
"4:73fde369-9719-4976-8fd0-6750fca3ad14:152","order",,,,"orders","4:73fde369-9719-4976-8fd0-6750fca3ad14:991","products",,,,10309,"1996-09-19 00:00:00.000","1996-10-23 00:00:00.000",3,21.5,71,"Flotemysost",,,,,,
"4:73fde369-9719-4976-8fd0-6750fca3ad14:163","order",,,,"orders","4:73fde369-9719-4976-8fd0-6750fca3ad14:991","products",,,,10320,"1996-10-03 00:00:00.000","1996-10-18 00:00:00.000",30,21.5,71,"Flotemysost",,,,,,
"4:73fde369-9719-4976-8fd0-6750fca3ad14:176","order",,,,"orders","4:73fde369-9719-4976-8fd0-6750fca3ad14:991","products",,,,10333,"1996-10-18 00:00:00.000","1996-10-25 00:00:00.000",40,21.5,71,"Flotemysost",,,,,,
"4:73fde369-9719-4976-8fd0-6750fca3ad14:207","order",,,,"orders","4:73fde369-9719-4976-8fd0-6750fca3ad14:991","products",,,,10364,"1996-11-26 00:00:00.000","1996-12-04 00:00:00.000",5,21.5,71,"Flotemysost",,,,,,
"4:73fde369-9719-4976-8fd0-6750fca3ad14:216","order",,,,"orders","4:73fde369-9719-4976-8fd0-6750fca3ad14:991","products",,,,10373,"1996-12-05 00:00:00.000","1996-12-11 00:00:00.000",50,21.5,71,"Flotemysost",,,,,,
"4:73fde369-9719-4976-8fd0-6750fca3ad14:998","supplier","London","Exotic Liquids",,"supplies","4:73fde369-9719-4976-8fd0-6750fca3ad14:921","products",,,,,,,,18,1,"Chai",1,,,,,
"4:73fde369-9719-4976-8fd0-6750fca3ad14:128","order",,,,"orders","4:73fde369-9719-4976-8fd0-6750fca3ad14:921","products",,,,10285,"1996-08-20 00:00:00.000","1996-08-26 00:00:00.000",45,18,1,"Chai",,,,,,
"4:73fde369-9719-4976-8fd0-6750fca3ad14:62","customer","Cunewalde","QUICK-Stop","QUICK","purchased","4:73fde369-9719-4976-8fd0-6750fca3ad14:128","order",10285,"1996-08-20 00:00:00.000","1996-08-26 00:00:00.000",,,,,,,,,,,,,
"4:73fde369-9719-4976-8fd0-6750fca3ad14:62","customer","Cunewalde","QUICK-Stop","QUICK","purchased","4:73fde369-9719-4976-8fd0-6750fca3ad14:116","order",10273,"1996-08-05 00:00:00.000","1996-08-12 00:00:00.000",,,,,,,,,,,,,
"4:73fde369-9719-4976-8fd0-6750fca3ad14:62","customer","Cunewalde","QUICK-Stop","QUICK","purchased","4:73fde369-9719-4976-8fd0-6750fca3ad14:129","order",10286,"1996-08-21 00:00:00.000","1996-08-30 00:00:00.000",,,,,,,,,,,,,
"4:73fde369-9719-4976-8fd0-6750fca3ad14:62","customer","Cunewalde","QUICK-Stop","QUICK","purchased","4:73fde369-9719-4976-8fd0-6750fca3ad14:156","order",10313,"1996-09-24 00:00:00.000","1996-10-04 00:00:00.000",,,,,,,,,,,,,
"4:73fde369-9719-4976-8fd0-6750fca3ad14:62","customer","Cunewalde","QUICK-Stop","QUICK","purchased","4:73fde369-9719-4976-8fd0-6750fca3ad14:188","order",10345,"1996-11-04 00:00:00.000","1996-11-11 00:00:00.000",,,,,,,,,,,,,
"4:73fde369-9719-4976-8fd0-6750fca3ad14:62","customer","Cunewalde","QUICK-Stop","QUICK","purchased","4:73fde369-9719-4976-8fd0-6750fca3ad14:204","order",10361,"1996-11-22 00:00:00.000","1996-12-03 00:00:00.000",,,,,,,,,,,,,
"4:73fde369-9719-4976-8fd0-6750fca3ad14:62","customer","Cunewalde","QUICK-Stop","QUICK","purchased","4:73fde369-9719-4976-8fd0-6750fca3ad14:261","order",10418,"1997-01-17 00:00:00.000","1997-01-24 00:00:00.000",,,,,,,,,,,,,
"4:73fde369-9719-4976-8fd0-6750fca3ad14:116","order",,,,"orders","4:73fde369-9719-4976-8fd0-6750fca3ad14:930","products",,,,10273,"1996-08-05 00:00:00.000","1996-08-12 00:00:00.000",24,31,10,"Ikura",,,,,,
"4:73fde369-9719-4976-8fd0-6750fca3ad14:116","order",,,,"orders","4:73fde369-9719-4976-8fd0-6750fca3ad14:951","products",,,,10273,"1996-08-05 00:00:00.000","1996-08-12 00:00:00.000",15,12.5,31,"Gorgonzola Telino",,,,,,
"4:73fde369-9719-4976-8fd0-6750fca3ad14:116","order",,,,"orders","4:73fde369-9719-4976-8fd0-6750fca3ad14:953","products",,,,10273,"1996-08-05 00:00:00.000","1996-08-12 00:00:00.000",20,2.5,33,"Geitost",,,,,,
"4:73fde369-9719-4976-8fd0-6750fca3ad14:116","order",,,,"orders","4:73fde369-9719-4976-8fd0-6750fca3ad14:960","products",,,,10273,"1996-08-05 00:00:00.000","1996-08-12 00:00:00.000",60,18.4,40,"Boston Crab Meat",,,,,,
"4:73fde369-9719-4976-8fd0-6750fca3ad14:116","order",,,,"orders","4:73fde369-9719-4976-8fd0-6750fca3ad14:996","products",,,,10273,"1996-08-05 00:00:00.000","1996-08-12 00:00:00.000",33,18,76,"Lakkalikööri",,,,,,
"4:73fde369-9719-4976-8fd0-6750fca3ad14:921","products",,,,"part_of","4:73fde369-9719-4976-8fd0-6750fca3ad14:1027","category",,,,,,,,,,,,18,1,"Chai","Beverages",1
"4:73fde369-9719-4976-8fd0-6750fca3ad14:120","order",,,,"orders","4:73fde369-9719-4976-8fd0-6750fca3ad14:1062","product",,,,10277,"1996-08-09 00:00:00.000","1996-08-13 00:00:00.000",20,45.6,28,"Rössle Sauerkraut",,,,,,
"4:73fde369-9719-4976-8fd0-6750fca3ad14:120","order",,,,"orders","4:73fde369-9719-4976-8fd0-6750fca3ad14:1096","product",,,,10277,"1996-08-09 00:00:00.000","1996-08-13 00:00:00.000",12,49.3,62,"Tarte au sucre",,,,,,
"4:73fde369-9719-4976-8fd0-6750fca3ad14:116","order",,,,"orders","4:73fde369-9719-4976-8fd0-6750fca3ad14:1044","product",,,,10273,"1996-08-05 00:00:00.000","1996-08-12 00:00:00.000",24,31,10,"Ikura",,,,,,
"4:73fde369-9719-4976-8fd0-6750fca3ad14:128","order",,,,"orders","4:73fde369-9719-4976-8fd0-6750fca3ad14:1035","product",,,,10285,"1996-08-20 00:00:00.000","1996-08-26 00:00:00.000",45,18,1,"Chai",,,,,,
"4:73fde369-9719-4976-8fd0-6750fca3ad14:937","products",,,,"part_of","4:73fde369-9719-4976-8fd0-6750fca3ad14:1032","category",,,,,,,,,,,,39,17,"Alice Mutton","Meat/Poultry",6
"4:73fde369-9719-4976-8fd0-6750fca3ad14:951","products",,,,"part_of","4:73fde369-9719-4976-8fd0-6750fca3ad14:1030","category",,,,,,,,,,,,12.5,31,"Gorgonzola Telino","Dairy Products",4
"4:73fde369-9719-4976-8fd0-6750fca3ad14:996","products",,,,"part_of","4:73fde369-9719-4976-8fd0-6750fca3ad14:1027","category",,,,,,,,,,,,18,76,"Lakkalikööri","Beverages",1
"4:73fde369-9719-4976-8fd0-6750fca3ad14:929","products",,,,"part_of","4:73fde369-9719-4976-8fd0-6750fca3ad14:1032","category",,,,,,,,,,,,97,9,"Mishi Kobe Niku","Meat/Poultry",6
"4:73fde369-9719-4976-8fd0-6750fca3ad14:949","products",,,,"part_of","4:73fde369-9719-4976-8fd0-6750fca3ad14:1032","category",,,,,,,,,,,,123.79,29,"Thüringer Rostbratwurst","Meat/Poultry",6
"4:73fde369-9719-4976-8fd0-6750fca3ad14:973","products",,,,"part_of","4:73fde369-9719-4976-8fd0-6750fca3ad14:1032","category",,,,,,,,,,,,32.8,53,"Perth Pasties","Meat/Poultry",6
"4:73fde369-9719-4976-8fd0-6750fca3ad14:974","products",,,,"part_of","4:73fde369-9719-4976-8fd0-6750fca3ad14:1032","category",,,,,,,,,,,,7.45,54,"Tourtière","Meat/Poultry",6
"4:73fde369-9719-4976-8fd0-6750fca3ad14:975","products",,,,"part_of","4:73fde369-9719-4976-8fd0-6750fca3ad14:1032","category",,,,,,,,,,,,24,55,"Pâté chinois","Meat/Poultry",6
"4:73fde369-9719-4976-8fd0-6750fca3ad14:1043","product",,,,"part_of","4:73fde369-9719-4976-8fd0-6750fca3ad14:1032","category",,,,,,,,,,,,97,9,"Mishi Kobe Niku","Meat/Poultry",6
"4:73fde369-9719-4976-8fd0-6750fca3ad14:1051","product",,,,"part_of","4:73fde369-9719-4976-8fd0-6750fca3ad14:1032","category",,,,,,,,,,,,39,17,"Alice Mutton","Meat/Poultry",6
"4:73fde369-9719-4976-8fd0-6750fca3ad14:1063","product",,,,"part_of","4:73fde369-9719-4976-8fd0-6750fca3ad14:1032","category",,,,,,,,,,,,123.79,29,"Thüringer Rostbratwurst","Meat/Poultry",6
"4:73fde369-9719-4976-8fd0-6750fca3ad14:1087","product",,,,"part_of","4:73fde369-9719-4976-8fd0-6750fca3ad14:1032","category",,,,,,,,,,,,32.8,53,"Perth Pasties","Meat/Poultry",6
"4:73fde369-9719-4976-8fd0-6750fca3ad14:1088","product",,,,"part_of","4:73fde369-9719-4976-8fd0-6750fca3ad14:1032","category",,,,,,,,,,,,7.45,54,"Tourtière","Meat/Poultry",6
"4:73fde369-9719-4976-8fd0-6750fca3ad14:1089","product",,,,"part_of","4:73fde369-9719-4976-8fd0-6750fca3ad14:1032","category",,,,,,,,,,,,24,55,"Pâté chinois","Meat/Poultry",6
"4:73fde369-9719-4976-8fd0-6750fca3ad14:96","order",,,,"orders","4:73fde369-9719-4976-8fd0-6750fca3ad14:951","products",,,,10253,"1996-07-10 00:00:00.000","1996-07-16 00:00:00.000",20,12.5,31,"Gorgonzola Telino",,,,,,
"4:73fde369-9719-4976-8fd0-6750fca3ad14:115","order",,,,"orders","4:73fde369-9719-4976-8fd0-6750fca3ad14:951","products",,,,10272,"1996-08-02 00:00:00.000","1996-08-06 00:00:00.000",40,12.5,31,"Gorgonzola Telino",,,,,,
"4:73fde369-9719-4976-8fd0-6750fca3ad14:168","order",,,,"orders","4:73fde369-9719-4976-8fd0-6750fca3ad14:951","products",,,,10325,"1996-10-09 00:00:00.000","1996-10-14 00:00:00.000",4,12.5,31,"Gorgonzola Telino",,,,,,
"4:73fde369-9719-4976-8fd0-6750fca3ad14:178","order",,,,"orders","4:73fde369-9719-4976-8fd0-6750fca3ad14:951","products",,,,10335,"1996-10-22 00:00:00.000","1996-10-24 00:00:00.000",25,12.5,31,"Gorgonzola Telino",,,,,,
"4:73fde369-9719-4976-8fd0-6750fca3ad14:185","order",,,,"orders","4:73fde369-9719-4976-8fd0-6750fca3ad14:951","products",,,,10342,"1996-10-30 00:00:00.000","1996-11-04 00:00:00.000",56,12.5,31,"Gorgonzola Telino",,,,,,
"4:73fde369-9719-4976-8fd0-6750fca3ad14:199","order",,,,"orders","4:73fde369-9719-4976-8fd0-6750fca3ad14:951","products",,,,10356,"1996-11-18 00:00:00.000","1996-11-27 00:00:00.000",30,12.5,31,"Gorgonzola Telino",,,,,,
"4:73fde369-9719-4976-8fd0-6750fca3ad14:202","order",,,,"orders","4:73fde369-9719-4976-8fd0-6750fca3ad14:951","products",,,,10359,"1996-11-21 00:00:00.000","1996-11-26 00:00:00.000",70,12.5,31,"Gorgonzola Telino",,,,,,
"4:73fde369-9719-4976-8fd0-6750fca3ad14:206","order",,,,"orders","4:73fde369-9719-4976-8fd0-6750fca3ad14:951","products",,,,10363,"1996-11-26 00:00:00.000","1996-12-04 00:00:00.000",20,12.5,31,"Gorgonzola Telino",,,,,,
"4:73fde369-9719-4976-8fd0-6750fca3ad14:206","order",,,,"orders","4:73fde369-9719-4976-8fd0-6750fca3ad14:996","products",,,,10363,"1996-11-26 00:00:00.000","1996-12-04 00:00:00.000",12,18,76,"Lakkalikööri",,,,,,
"4:73fde369-9719-4976-8fd0-6750fca3ad14:217","order",,,,"orders","4:73fde369-9719-4976-8fd0-6750fca3ad14:951","products",,,,10374,"1996-12-05 00:00:00.000","1996-12-09 00:00:00.000",30,12.5,31,"Gorgonzola Telino",,,,,,
"4:73fde369-9719-4976-8fd0-6750fca3ad14:219","order",,,,"orders","4:73fde369-9719-4976-8fd0-6750fca3ad14:951","products",,,,10376,"1996-12-09 00:00:00.000","1996-12-13 00:00:00.000",42,12.5,31,"Gorgonzola Telino",,,,,,
"4:73fde369-9719-4976-8fd0-6750fca3ad14:233","order",,,,"orders","4:73fde369-9719-4976-8fd0-6750fca3ad14:951","products",,,,10390,"1996-12-23 00:00:00.000","1996-12-26 00:00:00.000",60,12.5,31,"Gorgonzola Telino",,,,,,
"4:73fde369-9719-4976-8fd0-6750fca3ad14:236","order",,,,"orders","4:73fde369-9719-4976-8fd0-6750fca3ad14:951","products",,,,10393,"1996-12-25 00:00:00.000","1997-01-03 00:00:00.000",32,12.5,31,"Gorgonzola Telino",,,,,,
"4:73fde369-9719-4976-8fd0-6750fca3ad14:266","order",,,,"orders","4:73fde369-9719-4976-8fd0-6750fca3ad14:951","products",,,,10423,"1997-01-23 00:00:00.000","1997-02-24 00:00:00.000",14,12.5,31,"Gorgonzola Telino",,,,,,
"4:73fde369-9719-4976-8fd0-6750fca3ad14:289","order",,,,"orders","4:73fde369-9719-4976-8fd0-6750fca3ad14:951","products",,,,10446,"1997-02-14 00:00:00.000","1997-02-19 00:00:00.000",3,12.5,31,"Gorgonzola Telino",,,,,,
"4:73fde369-9719-4976-8fd0-6750fca3ad14:318","order",,,,"orders","4:73fde369-9719-4976-8fd0-6750fca3ad14:951","products",,,,10475,"1997-03-14 00:00:00.000","1997-04-04 00:00:00.000",35,12.5,31,"Gorgonzola Telino",,,,,,
"4:73fde369-9719-4976-8fd0-6750fca3ad14:318","order",,,,"orders","4:73fde369-9719-4976-8fd0-6750fca3ad14:996","products",,,,10475,"1997-03-14 00:00:00.000","1997-04-04 00:00:00.000",42,18,76,"Lakkalikööri",,,,,,
"4:73fde369-9719-4976-8fd0-6750fca3ad14:339","order",,,,"orders","4:73fde369-9719-4976-8fd0-6750fca3ad14:951","products",,,,10496,"1997-04-04 00:00:00.000","1997-04-07 00:00:00.000",20,12.5,31,"Gorgonzola Telino",,,,,,
"4:73fde369-9719-4976-8fd0-6750fca3ad14:379","order",,,,"orders","4:73fde369-9719-4976-8fd0-6750fca3ad14:951","products",,,,10536,"1997-05-14 00:00:00.000","1997-06-06 00:00:00.000",20,12.5,31,"Gorgonzola Telino",,,,,,
"4:73fde369-9719-4976-8fd0-6750fca3ad14:380","order",,,,"orders","4:73fde369-9719-4976-8fd0-6750fca3ad14:951","products",,,,10537,"1997-05-14 00:00:00.000","1997-05-19 00:00:00.000",30,12.5,31,"Gorgonzola Telino",,,,,,
"4:73fde369-9719-4976-8fd0-6750fca3ad14:392","order",,,,"orders","4:73fde369-9719-4976-8fd0-6750fca3ad14:951","products",,,,10549,"1997-05-27 00:00:00.000","1997-05-30 00:00:00.000",55,12.5,31,"Gorgonzola Telino",,,,,,
"4:73fde369-9719-4976-8fd0-6750fca3ad14:396","order",,,,"orders","4:73fde369-9719-4976-8fd0-6750fca3ad14:951","products",,,,10553,"1997-05-30 00:00:00.000","1997-06-03 00:00:00.000",30,12.5,31,"Gorgonzola Telino",,,,,,
"4:73fde369-9719-4976-8fd0-6750fca3ad14:407","order",,,,"orders","4:73fde369-9719-4976-8fd0-6750fca3ad14:951","products",,,,10564,"1997-06-10 00:00:00.000","1997-06-16 00:00:00.000",6,12.5,31,"Gorgonzola Telino",,,,,,
"4:73fde369-9719-4976-8fd0-6750fca3ad14:410","order",,,,"orders","4:73fde369-9719-4976-8fd0-6750fca3ad14:951","products",,,,10567,"1997-06-12 00:00:00.000","1997-06-17 00:00:00.000",60,12.5,31,"Gorgonzola Telino",,,,,,
"4:73fde369-9719-4976-8fd0-6750fca3ad14:412","order",,,,"orders","4:73fde369-9719-4976-8fd0-6750fca3ad14:951","products",,,,10569,"1997-06-16 00:00:00.000","1997-07-11 00:00:00.000",35,12.5,31,"Gorgonzola Telino",,,,,,
"4:73fde369-9719-4976-8fd0-6750fca3ad14:412","order",,,,"orders","4:73fde369-9719-4976-8fd0-6750fca3ad14:996","products",,,,10569,"1997-06-16 00:00:00.000","1997-07-11 00:00:00.000",30,18,76,"Lakkalikööri",,,,,,
"4:73fde369-9719-4976-8fd0-6750fca3ad14:419","order",,,,"orders","4:73fde369-9719-4976-8fd0-6750fca3ad14:951","products",,,,10576,"1997-06-23 00:00:00.000","1997-06-30 00:00:00.000",20,12.5,31,"Gorgonzola Telino",,,,,,
"4:73fde369-9719-4976-8fd0-6750fca3ad14:427","order",,,,"orders","4:73fde369-9719-4976-8fd0-6750fca3ad14:951","products",,,,10584,"1997-06-30 00:00:00.000","1997-07-04 00:00:00.000",50,12.5,31,"Gorgonzola Telino",,,,,,
"4:73fde369-9719-4976-8fd0-6750fca3ad14:502","order",,,,"orders","4:73fde369-9719-4976-8fd0-6750fca3ad14:951","products",,,,10659,"1997-09-05 00:00:00.000","1997-09-10 00:00:00.000",20,12.5,31,"Gorgonzola Telino",,,,,,
"4:73fde369-9719-4976-8fd0-6750fca3ad14:511","order",,,,"orders","4:73fde369-9719-4976-8fd0-6750fca3ad14:951","products",,,,10668,"1997-09-15 00:00:00.000","1997-09-23 00:00:00.000",8,12.5,31,"Gorgonzola Telino",,,,,,
"4:73fde369-9719-4976-8fd0-6750fca3ad14:523","order",,,,"orders","4:73fde369-9719-4976-8fd0-6750fca3ad14:951","products",,,,10680,"1997-09-24 00:00:00.000","1997-09-26 00:00:00.000",20,12.5,31,"Gorgonzola Telino",,,,,,
"4:73fde369-9719-4976-8fd0-6750fca3ad14:548","order",,,,"orders","4:73fde369-9719-4976-8fd0-6750fca3ad14:951","products",,,,10705,"1997-10-15 00:00:00.000","1997-11-18 00:00:00.000",20,12.5,31,"Gorgonzola Telino",,,,,,
"4:73fde369-9719-4976-8fd0-6750fca3ad14:565","order",,,,"orders","4:73fde369-9719-4976-8fd0-6750fca3ad14:951","products",,,,10722,"1997-10-29 00:00:00.000","1997-11-04 00:00:00.000",50,12.5,31,"Gorgonzola Telino",,,,,,
"4:73fde369-9719-4976-8fd0-6750fca3ad14:573","order",,,,"orders","4:73fde369-9719-4976-8fd0-6750fca3ad14:951","products",,,,10730,"1997-11-05 00:00:00.000","1997-11-14 00:00:00.000",3,12.5,31,"Gorgonzola Telino",,,,,,
"4:73fde369-9719-4976-8fd0-6750fca3ad14:590","order",,,,"orders","4:73fde369-9719-4976-8fd0-6750fca3ad14:951","products",,,,10747,"1997-11-19 00:00:00.000","1997-11-26 00:00:00.000",8,12.5,31,"Gorgonzola Telino",,,,,,
"4:73fde369-9719-4976-8fd0-6750fca3ad14:611","order",,,,"orders","4:73fde369-9719-4976-8fd0-6750fca3ad14:951","products",,,,10768,"1997-12-08 00:00:00.000","1997-12-15 00:00:00.000",50,12.5,31,"Gorgonzola Telino",,,,,,
"4:73fde369-9719-4976-8fd0-6750fca3ad14:616","order",,,,"orders","4:73fde369-9719-4976-8fd0-6750fca3ad14:951","products",,,,10773,"1997-12-11 00:00:00.000","1997-12-16 00:00:00.000",70,12.5,31,"Gorgonzola Telino",,,,,,
"4:73fde369-9719-4976-8fd0-6750fca3ad14:617","order",,,,"orders","4:73fde369-9719-4976-8fd0-6750fca3ad14:951","products",,,,10774,"1997-12-11 00:00:00.000","1997-12-12 00:00:00.000",2,12.5,31,"Gorgonzola Telino",,,,,,
"4:73fde369-9719-4976-8fd0-6750fca3ad14:619","order",,,,"orders","4:73fde369-9719-4976-8fd0-6750fca3ad14:951","products",,,,10776,"1997-12-15 00:00:00.000","1997-12-18 00:00:00.000",16,12.5,31,"Gorgonzola Telino",,,,,,
"4:73fde369-9719-4976-8fd0-6750fca3ad14:625","order",,,,"orders","4:73fde369-9719-4976-8fd0-6750fca3ad14:951","products",,,,10782,"1997-12-17 00:00:00.000","1997-12-22 00:00:00.000",1,12.5,31,"Gorgonzola Telino",,,,,,
"4:73fde369-9719-4976-8fd0-6750fca3ad14:626","order",,,,"orders","4:73fde369-9719-4976-8fd0-6750fca3ad14:951","products",,,,10783,"1997-12-18 00:00:00.000","1997-12-19 00:00:00.000",10,12.5,31,"Gorgonzola Telino",,,,,,
"4:73fde369-9719-4976-8fd0-6750fca3ad14:655","order",,,,"orders","4:73fde369-9719-4976-8fd0-6750fca3ad14:951","products",,,,10812,"1998-01-02 00:00:00.000","1998-01-12 00:00:00.000",16,12.5,31,"Gorgonzola Telino",,,,,,
"4:73fde369-9719-4976-8fd0-6750fca3ad14:669","order",,,,"orders","4:73fde369-9719-4976-8fd0-6750fca3ad14:951","products",,,,10826,"1998-01-12 00:00:00.000","1998-02-06 00:00:00.000",35,12.5,31,"Gorgonzola Telino",,,,,,
"4:73fde369-9719-4976-8fd0-6750fca3ad14:676","order",,,,"orders","4:73fde369-9719-4976-8fd0-6750fca3ad14:951","products",,,,10833,"1998-01-15 00:00:00.000","1998-01-23 00:00:00.000",9,12.5,31,"Gorgonzola Telino",,,,,,
"4:73fde369-9719-4976-8fd0-6750fca3ad14:698","order",,,,"orders","4:73fde369-9719-4976-8fd0-6750fca3ad14:951","products",,,,10855,"1998-01-27 00:00:00.000","1998-02-04 00:00:00.000",14,12.5,31,"Gorgonzola Telino",,,,,,
"4:73fde369-9719-4976-8fd0-6750fca3ad14:729","order",,,,"orders","4:73fde369-9719-4976-8fd0-6750fca3ad14:951","products",,,,10886,"1998-02-13 00:00:00.000","1998-03-02 00:00:00.000",35,12.5,31,"Gorgonzola Telino",,,,,,
"4:73fde369-9719-4976-8fd0-6750fca3ad14:784","order",,,,"orders","4:73fde369-9719-4976-8fd0-6750fca3ad14:951","products",,,,10941,"1998-03-11 00:00:00.000","1998-03-20 00:00:00.000",44,12.5,31,"Gorgonzola Telino",,,,,,
"4:73fde369-9719-4976-8fd0-6750fca3ad14:788","order",,,,"orders","4:73fde369-9719-4976-8fd0-6750fca3ad14:951","products",,,,10945,"1998-03-12 00:00:00.000","1998-03-18 00:00:00.000",10,12.5,31,"Gorgonzola Telino",,,,,,
"4:73fde369-9719-4976-8fd0-6750fca3ad14:796","order",,,,"orders","4:73fde369-9719-4976-8fd0-6750fca3ad14:951","products",,,,10953,"1998-03-16 00:00:00.000","1998-03-25 00:00:00.000",50,12.5,31,"Gorgonzola Telino",,,,,,
"4:73fde369-9719-4976-8fd0-6750fca3ad14:797","order",,,,"orders","4:73fde369-9719-4976-8fd0-6750fca3ad14:951","products",,,,10954,"1998-03-17 00:00:00.000","1998-03-20 00:00:00.000",25,12.5,31,"Gorgonzola Telino",,,,,,
"4:73fde369-9719-4976-8fd0-6750fca3ad14:822","order",,,,"orders","4:73fde369-9719-4976-8fd0-6750fca3ad14:951","products",,,,10979,"1998-03-26 00:00:00.000","1998-03-31 00:00:00.000",24,12.5,31,"Gorgonzola Telino",,,,,,
"4:73fde369-9719-4976-8fd0-6750fca3ad14:859","order",,,,"orders","4:73fde369-9719-4976-8fd0-6750fca3ad14:951","products",,,,11016,"1998-04-10 00:00:00.000","1998-04-13 00:00:00.000",15,12.5,31,"Gorgonzola Telino",,,,,,
"4:73fde369-9719-4976-8fd0-6750fca3ad14:913","order",,,,"orders","4:73fde369-9719-4976-8fd0-6750fca3ad14:951","products",,,,11070,"1998-05-05 00:00:00.000","NULL",20,12.5,31,"Gorgonzola Telino",,,,,,
"4:73fde369-9719-4976-8fd0-6750fca3ad14:1011","supplier"," 75","Formaggi Fortini s.r.l.",,"supplies","4:73fde369-9719-4976-8fd0-6750fca3ad14:951","products",,,,,,,,12.5,31,"Gorgonzola Telino",14,,,,,
"4:73fde369-9719-4976-8fd0-6750fca3ad14:110","order",,,,"orders","4:73fde369-9719-4976-8fd0-6750fca3ad14:996","products",,,,10267,"1996-07-29 00:00:00.000","1996-08-06 00:00:00.000",15,18,76,"Lakkalikööri",,,,,,
"4:73fde369-9719-4976-8fd0-6750fca3ad14:161","order",,,,"orders","4:73fde369-9719-4976-8fd0-6750fca3ad14:996","products",,,,10318,"1996-10-01 00:00:00.000","1996-10-04 00:00:00.000",6,18,76,"Lakkalikööri",,,,,,
"4:73fde369-9719-4976-8fd0-6750fca3ad14:162","order",,,,"orders","4:73fde369-9719-4976-8fd0-6750fca3ad14:996","products",,,,10319,"1996-10-02 00:00:00.000","1996-10-11 00:00:00.000",30,18,76,"Lakkalikööri",,,,,,
"4:73fde369-9719-4976-8fd0-6750fca3ad14:186","order",,,,"orders","4:73fde369-9719-4976-8fd0-6750fca3ad14:996","products",,,,10343,"1996-10-31 00:00:00.000","1996-11-06 00:00:00.000",15,18,76,"Lakkalikööri",,,,,,
"4:73fde369-9719-4976-8fd0-6750fca3ad14:242","order",,,,"orders","4:73fde369-9719-4976-8fd0-6750fca3ad14:996","products",,,,10399,"1996-12-31 00:00:00.000","1997-01-08 00:00:00.000",35,18,76,"Lakkalikööri",,,,,,
"4:73fde369-9719-4976-8fd0-6750fca3ad14:256","order",,,,"orders","4:73fde369-9719-4976-8fd0-6750fca3ad14:996","products",,,,10413,"1997-01-14 00:00:00.000","1997-01-16 00:00:00.000",14,18,76,"Lakkalikööri",,,,,,
"4:73fde369-9719-4976-8fd0-6750fca3ad14:268","order",,,,"orders","4:73fde369-9719-4976-8fd0-6750fca3ad14:996","products",,,,10425,"1997-01-24 00:00:00.000","1997-02-14 00:00:00.000",20,18,76,"Lakkalikööri",,,,,,
"4:73fde369-9719-4976-8fd0-6750fca3ad14:277","order",,,,"orders","4:73fde369-9719-4976-8fd0-6750fca3ad14:996","products",,,,10434,"1997-02-03 00:00:00.000","1997-02-13 00:00:00.000",18,18,76,"Lakkalikööri",,,,,,
"4:73fde369-9719-4976-8fd0-6750fca3ad14:373","order",,,,"orders","4:73fde369-9719-4976-8fd0-6750fca3ad14:996","products",,,,10530,"1997-05-08 00:00:00.000","1997-05-12 00:00:00.000",50,18,76,"Lakkalikööri",,,,,,
"4:73fde369-9719-4976-8fd0-6750fca3ad14:409","order",,,,"orders","4:73fde369-9719-4976-8fd0-6750fca3ad14:996","products",,,,10566,"1997-06-12 00:00:00.000","1997-06-18 00:00:00.000",10,18,76,"Lakkalikööri",,,,,,
"4:73fde369-9719-4976-8fd0-6750fca3ad14:418","order",,,,"orders","4:73fde369-9719-4976-8fd0-6750fca3ad14:996","products",,,,10575,"1997-06-20 00:00:00.000","1997-06-30 00:00:00.000",10,18,76,"Lakkalikööri",,,,,,
"4:73fde369-9719-4976-8fd0-6750fca3ad14:425","order",,,,"orders","4:73fde369-9719-4976-8fd0-6750fca3ad14:996","products",,,,10582,"1997-06-27 00:00:00.000","1997-07-14 00:00:00.000",14,18,76,"Lakkalikööri",,,,,,
"4:73fde369-9719-4976-8fd0-6750fca3ad14:436","order",,,,"orders","4:73fde369-9719-4976-8fd0-6750fca3ad14:996","products",,,,10593,"1997-07-09 00:00:00.000","1997-08-13 00:00:00.000",4,18,76,"Lakkalikööri",,,,,,
"4:73fde369-9719-4976-8fd0-6750fca3ad14:447","order",,,,"orders","4:73fde369-9719-4976-8fd0-6750fca3ad14:996","products",,,,10604,"1997-07-18 00:00:00.000","1997-07-29 00:00:00.000",10,18,76,"Lakkalikööri",,,,,,
"4:73fde369-9719-4976-8fd0-6750fca3ad14:455","order",,,,"orders","4:73fde369-9719-4976-8fd0-6750fca3ad14:996","products",,,,10612,"1997-07-28 00:00:00.000","1997-08-01 00:00:00.000",80,18,76,"Lakkalikööri",,,,,,
"4:73fde369-9719-4976-8fd0-6750fca3ad14:473","order",,,,"orders","4:73fde369-9719-4976-8fd0-6750fca3ad14:996","products",,,,10630,"1997-08-13 00:00:00.000","1997-08-19 00:00:00.000",35,18,76,"Lakkalikööri",,,,,,
"4:73fde369-9719-4976-8fd0-6750fca3ad14:508","order",,,,"orders","4:73fde369-9719-4976-8fd0-6750fca3ad14:996","products",,,,10665,"1997-09-11 00:00:00.000","1997-09-17 00:00:00.000",10,18,76,"Lakkalikööri",,,,,,
"4:73fde369-9719-4976-8fd0-6750fca3ad14:544","order",,,,"orders","4:73fde369-9719-4976-8fd0-6750fca3ad14:996","products",,,,10701,"1997-10-13 00:00:00.000","1997-10-15 00:00:00.000",35,18,76,"Lakkalikööri",,,,,,
"4:73fde369-9719-4976-8fd0-6750fca3ad14:545","order",,,,"orders","4:73fde369-9719-4976-8fd0-6750fca3ad14:996","products",,,,10702,"1997-10-13 00:00:00.000","1997-10-21 00:00:00.000",15,18,76,"Lakkalikööri",,,,,,
"4:73fde369-9719-4976-8fd0-6750fca3ad14:575","order",,,,"orders","4:73fde369-9719-4976-8fd0-6750fca3ad14:996","products",,,,10732,"1997-11-06 00:00:00.000","1997-11-07 00:00:00.000",20,18,76,"Lakkalikööri",,,,,,
"4:73fde369-9719-4976-8fd0-6750fca3ad14:577","order",,,,"orders","4:73fde369-9719-4976-8fd0-6750fca3ad14:996","products",,,,10734,"1997-11-07 00:00:00.000","1997-11-12 00:00:00.000",20,18,76,"Lakkalikööri",,,,,,
"4:73fde369-9719-4976-8fd0-6750fca3ad14:592","order",,,,"orders","4:73fde369-9719-4976-8fd0-6750fca3ad14:996","products",,,,10749,"1997-11-20 00:00:00.000","1997-12-19 00:00:00.000",10,18,76,"Lakkalikööri",,,,,,
"4:73fde369-9719-4976-8fd0-6750fca3ad14:651","order",,,,"orders","4:73fde369-9719-4976-8fd0-6750fca3ad14:996","products",,,,10808,"1998-01-01 00:00:00.000","1998-01-09 00:00:00.000",50,18,76,"Lakkalikööri",,,,,,
"4:73fde369-9719-4976-8fd0-6750fca3ad14:680","order",,,,"orders","4:73fde369-9719-4976-8fd0-6750fca3ad14:996","products",,,,10837,"1998-01-16 00:00:00.000","1998-01-23 00:00:00.000",21,18,76,"Lakkalikööri",,,,,,
"4:73fde369-9719-4976-8fd0-6750fca3ad14:703","order",,,,"orders","4:73fde369-9719-4976-8fd0-6750fca3ad14:996","products",,,,10860,"1998-01-29 00:00:00.000","1998-02-04 00:00:00.000",20,18,76,"Lakkalikööri",,,,,,
"4:73fde369-9719-4976-8fd0-6750fca3ad14:722","order",,,,"orders","4:73fde369-9719-4976-8fd0-6750fca3ad14:996","products",,,,10879,"1998-02-10 00:00:00.000","1998-02-12 00:00:00.000",10,18,76,"Lakkalikööri",,,,,,
"4:73fde369-9719-4976-8fd0-6750fca3ad14:770","order",,,,"orders","4:73fde369-9719-4976-8fd0-6750fca3ad14:996","products",,,,10927,"1998-03-05 00:00:00.000","1998-04-08 00:00:00.000",20,18,76,"Lakkalikööri",,,,,,
"4:73fde369-9719-4976-8fd0-6750fca3ad14:771","order",,,,"orders","4:73fde369-9719-4976-8fd0-6750fca3ad14:996","products",,,,10928,"1998-03-05 00:00:00.000","1998-03-18 00:00:00.000",5,18,76,"Lakkalikööri",,,,,,
"4:73fde369-9719-4976-8fd0-6750fca3ad14:804","order",,,,"orders","4:73fde369-9719-4976-8fd0-6750fca3ad14:996","products",,,,10961,"1998-03-19 00:00:00.000","1998-03-30 00:00:00.000",60,18,76,"Lakkalikööri",,,,,,
"4:73fde369-9719-4976-8fd0-6750fca3ad14:805","order",,,,"orders","4:73fde369-9719-4976-8fd0-6750fca3ad14:996","products",,,,10962,"1998-03-19 00:00:00.000","1998-03-23 00:00:00.000",44,18,76,"Lakkalikööri",,,,,,
"4:73fde369-9719-4976-8fd0-6750fca3ad14:829","order",,,,"orders","4:73fde369-9719-4976-8fd0-6750fca3ad14:996","products",,,,10986,"1998-03-30 00:00:00.000","1998-04-21 00:00:00.000",10,18,76,"Lakkalikööri",,,,,,
"4:73fde369-9719-4976-8fd0-6750fca3ad14:834","order",,,,"orders","4:73fde369-9719-4976-8fd0-6750fca3ad14:996","products",,,,10991,"1998-04-01 00:00:00.000","1998-04-07 00:00:00.000",90,18,76,"Lakkalikööri",,,,,,
"4:73fde369-9719-4976-8fd0-6750fca3ad14:847","order",,,,"orders","4:73fde369-9719-4976-8fd0-6750fca3ad14:996","products",,,,11004,"1998-04-07 00:00:00.000","1998-04-20 00:00:00.000",6,18,76,"Lakkalikööri",,,,,,
"4:73fde369-9719-4976-8fd0-6750fca3ad14:893","order",,,,"orders","4:73fde369-9719-4976-8fd0-6750fca3ad14:996","products",,,,11050,"1998-04-27 00:00:00.000","1998-05-05 00:00:00.000",50,18,76,"Lakkalikööri",,,,,,
"4:73fde369-9719-4976-8fd0-6750fca3ad14:918","order",,,,"orders","4:73fde369-9719-4976-8fd0-6750fca3ad14:996","products",,,,11075,"1998-05-06 00:00:00.000","NULL",2,18,76,"Lakkalikööri",,,,,,
"4:73fde369-9719-4976-8fd0-6750fca3ad14:1020","supplier","Lappeenranta","Karkki Oy",,"supplies","4:73fde369-9719-4976-8fd0-6750fca3ad14:996","products",,,,,,,,18,76,"Lakkalikööri",23,,,,,